threshold,accuracy,precision,recall,f1,roc_auc
0.3,0.8001060445387063,0.7766373411534702,0.8425238600212089,0.8082400813835199,0.8835302316898866
0.35,0.8075291622481442,0.7971311475409836,0.8250265111346765,0.8108389786347056,0.8835302316898866
0.4,0.813626723223754,0.8202490525175961,0.8032873806998939,0.8116796142512724,0.8835302316898866
0.45,0.8168080593849417,0.8412335808109651,0.78101802757158,0.8100082485565027,0.8835302316898866
0.5,0.8162778366914104,0.8573996405032954,0.7587486744432662,0.8050632911392405,0.8835302316898866
0.55,0.8123011664899258,0.8685857321652065,0.735949098621421,0.7967853042479908,0.8835302316898866
0.6,0.8088547189819725,0.8844884488448845,0.7104984093319194,0.7880035283740077,0.8835302316898866
0.65,0.8003711558854719,0.9014883061658399,0.6744432661717922,0.7716105550500455,0.8835302316898866
0.7,0.7940084835630965,0.9147344801795063,0.6484623541887593,0.7589202606267452,0.8835302316898866
